{
    "left_view" : {
        "front" : [ -0.14999973752548196, -0.59293848517735548, 0.79115360805463664 ],
        "lookat" : [ -0.39599999999999996, -0.13199999999999995, 0.20400000000000007 ],
        "up" : [ -0.021058030374320552, 0.8019416202177706, 0.59703115255340844 ],
        "zoom" : 0.51999999999999988
    },
    "updown_view": {
        "front" : [ -0.54070507972613702, -0.69728857420307233, 0.47055994415610697 ],
        "lookat" : [ 0.15252557980019907, -0.43442364817704454, 0.50856081949149767 ],
        "up" : [ 0.10719254696059954, 0.49771120272593516, 0.86069350907114606 ],
        "zoom" : 0.45999999999999974
    },
    "right_close_view" : {
        "front" : [ -0.51497563627994969, 0.7654434738945769, 0.38587093996602456 ],
        "lookat" : [ -0.42671177640408675, -0.32775806125688178, 0.060175139315081345 ],
        "up" : [ 0.28342316935946443, -0.27279012961521243, 0.91937851413590921 ],
        "zoom" : 0.41999999999999971
    },
    "left_close_view" : {
        "front" : [ -0.25139872148613579, -0.96193949971066595, 0.10710313595562994 ],
        "lookat" : [ -0.73466964345824826, -0.16017755112314533, 0.0026985033165535699 ],
        "up" : [ 0.048354631429364282, 0.098036328719085852, 0.99400739829772589 ],
        "zoom" : 0.23999999999999957
    },
    "front_view" : {
        "front" : [ -0.19398879952719841, 0.97992966405967641, -0.045893345420511579 ],
        "lookat" : [ -0.47760443366214922, 0.089718780634464368, 0.030878608585936371 ],
        "up" : [ -0.01511109815722152, 0.0437916026560956, 0.99892639881489442 ],
        "zoom" : 0.61999999999999988
    },
    "close_front_view": {
        "front" : [ -0.21773861213388399, 0.95614951783437274, 0.19587750338185017 ],
        "lookat" : [ 0.55039102883824187, -4.4516009836584285, -0.9098148970515999 ],
        "up" : [ 0.016451831241614066, -0.19706860080052471, 0.98025165331527042 ],
        "zoom" : 0.2999999999999996
    },
    "left_down_view" : {	
        "front" : [ -0.54514906683765185, 0.83353376729907958, 0.089632325074391728 ],
        "lookat" : [ -0.54160411387299878, -0.013245524024131324, 0.059084110194993385 ],
        "up" : [ 0.075160763806361747, -0.05789114488243749, 0.99548956545422662 ],
        "zoom" : 0.5199999999999998
    },
    "points_only": {
        "front" : [ -0.051190865012410693, -0.96581519121944859, 0.25412695990197715 ],
        "lookat" : [ -0.67749999999999999, 0.12089999999999995, -0.099899999999999989 ],
        "up" : [ 0.0076264921685352989, 0.25407511505600405, 0.96715442020728093 ],
        "zoom" : 0.94000000000000017
    },
    "right_down_view" : {
        "front" : [ -0.30392051873889631, -0.84861408291936902, 0.43299706299280921 ],
        "lookat" : [ -0.43766859629500515, -0.074281782922369324, 0.032689107225721159 ],
        "up" : [ 0.13171423584669342, 0.41270360190459771, 0.90129190446286223 ],
        "zoom" : 0.43999999999999972
    },
    "left_debug_view" : {	
        "front" : [ -0.37369494651966767, -0.60447063197899009, 0.70353915457533933 ],
        "lookat" : [ -0.39417246812540019, 0.067891209067251518, 0.081610401837683075 ],
        "up" : [ 0.52955144340135174, 0.48369358652087568, 0.69686138015398535 ],
        "zoom" : 0.5199999999999998
    },
    "right_close_view2" : {
        "front" : [ -0.38956260293838163, -0.68869665409471637, 0.61150461734202433 ],
        "lookat" : [ -0.49166382197043718, 0.11090613801370557, 0.014674622197910461 ],
        "up" : [ 0.61449424126611973, 0.30020697321370443, 0.72957014788479524 ],
        "zoom" : 0.39999999999999969
    },
    "right_close_view3" : {
        "front" : [ -0.20579223458741058, -0.34199613586173311, 0.91689050558895158 ],
        "lookat" : [ -0.34953930021864693, -0.028351523593106345, 0.11861477301996105 ],
        "up" : [ 0.60468419522084438, 0.69223213583576626, 0.39391838515912558 ],
        "zoom" : 0.53999999999999981
    },
    "cross_view" : {
        "front" : [ -0.92689574486603321, -0.36052278619986666, 0.1043436571140135 ],
        "lookat" : [ -0.34699412264370177, -0.028578032164770874, 0.14770735356337911 ],
        "up" : [ 0.15254581523829164, -0.1078645882547119, 0.9823924902267559 ],
        "zoom" : 0.41999999999999976
    },
    "close_view" : {
        "front" : [ -0.82145079973594359, 0.35303509203890426, 0.44786695279096139 ],
        "lookat" : [ -0.50604839979180771, -0.24498561840866406, 0.025690491946827255 ],
        "up" : [ 0.3788215011468391, -0.24923910492622711, 0.89127669039666257 ],
        "zoom" : 0.27999999999999964
    },
    "new_close_view" : {	
        "front" : [ -0.50603911553692371, 0.83186511634417692, 0.22787023007908941 ],
        "lookat" : [ -0.10495249194940146, -1.0151769605186645, -0.1079419872817413 ],
        "up" : [ 0.07779042593631294, -0.21909901467033613, 0.97259666429776281 ],
        "zoom" : 0.25999999999999956
    },
    "no_background": {
        "front" : [ -0.16064292317186699, 0.97776734157366962, 0.13477713821993884 ],
        "lookat" : [ -0.36929575769114059, -0.20077398244382924, 0.12168097366354064 ],
        "up" : [ 0.0042647098933875985, -0.13586169348260366, 0.99071863437282959 ],
        "zoom" : 0.55999999999999983
    },
    "new_front_view":{               
        "front" : [ -0.11382250692645851, 0.98003143868810894, 0.16304237516637124 ],
        "lookat" : [ -0.52724685694671702, 0.20117895539264399, 0.11857857865583256 ],
        "up" : [ 0.033930801294318448, -0.16017851675157371, 0.98650471032569909 ],
        "zoom" : 0.2999999999999996
    }
}